230001,10,2.9,3,4,3,4,1,1,3,4
230001,10,2.9,3,4,3,4,1,1,3,4
230001,10,2.9,3,4,3,4,1,1,3,4
230001,10,2.9,3,4,3,4,1,1,3,4
230001,10,2.9,3,4,3,4,1,1,3,4
230001,10,2.9,3,4,3,4,1,1,3,4
230001,10,2.9,3,4,3,4,1,1,3,4
230001,10,2.9,3,4,3,4,1,1,3,4
230001,10,2.9,3,4,3,4,1,1,3,4
230001,10,2.9,3,4,3,4,1,1,3,4
230002,11,2.1,2,1,2,4,2,1,3,2
230002,11,2.1,2,1,2,4,2,1,3,2
230002,11,2.1,2,1,2,4,2,1,3,2
230002,11,2.1,2,1,2,4,2,1,3,2
230002,11,2.1,2,1,2,4,2,1,3,2
230002,11,2.1,2,1,2,4,2,1,3,2
230002,11,2.1,2,1,2,4,2,1,3,2
230002,11,2.1,2,1,2,4,2,1,3,2
230002,11,2.1,2,1,2,4,2,1,3,2
230002,11,2.1,2,1,2,4,2,1,3,2
230002,11,2.1,2,1,2,4,2,1,3,2
230003,10,2.4,2,4,2,2,3,2,2,2
230003,10,2.4,2,4,2,2,3,2,2,2
230003,10,2.4,2,4,2,2,3,2,2,2
230003,10,2.4,2,4,2,2,3,2,2,2
230003,10,2.4,2,4,2,2,3,2,2,2
230003,10,2.4,2,4,2,2,3,2,2,2
230003,10,2.4,2,4,2,2,3,2,2,2
230003,10,2.4,2,4,2,2,3,2,2,2
230003,10,2.4,2,4,2,2,3,2,2,2
230003,10,2.4,2,4,2,2,3,2,2,2
230004,11,3.1,3,4,4,2,3,2,4,3
230004,11,3.1,3,4,4,2,3,2,4,3
230004,11,3.1,3,4,4,2,3,2,4,3
230004,11,3.1,3,4,4,2,3,2,4,3
230004,11,3.1,3,4,4,2,3,2,4,3
230004,11,3.1,3,4,4,2,3,2,4,3
230004,11,3.1,3,4,4,2,3,2,4,3
230004,11,3.1,3,4,4,2,3,2,4,3
230004,11,3.1,3,4,4,2,3,2,4,3
230004,11,3.1,3,4,4,2,3,2,4,3
230004,11,3.1,3,4,4,2,3,2,4,3
230005,10,3.3,2,4,4,3,3,3,4,3
230005,10,3.3,2,4,4,3,3,3,4,3
230005,10,3.3,2,4,4,3,3,3,4,3
230005,10,3.3,2,4,4,3,3,3,4,3
230005,10,3.3,2,4,4,3,3,3,4,3
230005,10,3.3,2,4,4,3,3,3,4,3
230005,10,3.3,2,4,4,3,3,3,4,3
230005,10,3.3,2,4,4,3,3,3,4,3
230005,10,3.3,2,4,4,3,3,3,4,3
230005,10,3.3,2,4,4,3,3,3,4,3
230006,11,3,3,3,3,3,3,3,3,3
230006,11,3,3,3,3,3,3,3,3,3
230006,11,3,3,3,3,3,3,3,3,3
230006,11,3,3,3,3,3,3,3,3,3
230006,11,3,3,3,3,3,3,3,3,3
230006,11,3,3,3,3,3,3,3,3,3
230006,11,3,3,3,3,3,3,3,3,3
230006,11,3,3,3,3,3,3,3,3,3
230006,11,3,3,3,3,3,3,3,3,3
230006,11,3,3,3,3,3,3,3,3,3
230006,11,3,3,3,3,3,3,3,3,3
230007,10,3.1,2,4,4,2,4,3,3,3
230007,10,3.1,2,4,4,2,4,3,3,3
230007,10,3.1,2,4,4,2,4,3,3,3
230007,10,3.1,2,4,4,2,4,3,3,3
230007,10,3.1,2,4,4,2,4,3,3,3
230007,10,3.1,2,4,4,2,4,3,3,3
230007,10,3.1,2,4,4,2,4,3,3,3
230007,10,3.1,2,4,4,2,4,3,3,3
230007,10,3.1,2,4,4,2,4,3,3,3
230007,10,3.1,2,4,4,2,4,3,3,3
230008,11,2.4,2,2,2,5,2,2,2,2
230008,11,2.4,2,2,2,5,2,2,2,2
230008,11,2.4,2,2,2,5,2,2,2,2
230008,11,2.4,2,2,2,5,2,2,2,2
230008,11,2.4,2,2,2,5,2,2,2,2
230008,11,2.4,2,2,2,5,2,2,2,2
230008,11,2.4,2,2,2,5,2,2,2,2
230008,11,2.4,2,2,2,5,2,2,2,2
230008,11,2.4,2,2,2,5,2,2,2,2
230008,11,2.4,2,2,2,5,2,2,2,2
230008,11,2.4,2,2,2,5,2,2,2,2
230009,10,2.9,1,5,3,4,4,3,1,2
230009,10,2.9,1,5,3,4,4,3,1,2
230009,10,2.9,1,5,3,4,4,3,1,2
230009,10,2.9,1,5,3,4,4,3,1,2
230009,10,2.9,1,5,3,4,4,3,1,2
230009,10,2.9,1,5,3,4,4,3,1,2
230009,10,2.9,1,5,3,4,4,3,1,2
230009,10,2.9,1,5,3,4,4,3,1,2
230009,10,2.9,1,5,3,4,4,3,1,2
230009,10,2.9,1,5,3,4,4,3,1,2
230010,11,3,3,3,3,3,3,3,3,3
230010,11,3,3,3,3,3,3,3,3,3
230010,11,3,3,3,3,3,3,3,3,3
230010,11,3,3,3,3,3,3,3,3,3
230010,11,3,3,3,3,3,3,3,3,3
230010,11,3,3,3,3,3,3,3,3,3
230010,11,3,3,3,3,3,3,3,3,3
230010,11,3,3,3,3,3,3,3,3,3
230010,11,3,3,3,3,3,3,3,3,3
230010,11,3,3,3,3,3,3,3,3,3
230011,10,3.5,5,3,5,2,5,3,3,2
230011,10,3.5,5,3,5,2,5,3,3,2
230011,10,3.5,5,3,5,2,5,3,3,2
230011,10,3.5,5,3,5,2,5,3,3,2
230011,10,3.5,5,3,5,2,5,3,3,2
230011,10,3.5,5,3,5,2,5,3,3,2
230011,10,3.5,5,3,5,2,5,3,3,2
230011,10,3.5,5,3,5,2,5,3,3,2
230011,10,3.5,5,3,5,2,5,3,3,2
230011,10,3.5,5,3,5,2,5,3,3,2
230011,10,3.5,5,3,5,2,5,3,3,2
230012,11,3.6,5,4,3,3,3,5,3,3
230012,11,3.6,5,4,3,3,3,5,3,3
230012,11,3.6,5,4,3,3,3,5,3,3
230012,11,3.6,5,4,3,3,3,5,3,3
230012,11,3.6,5,4,3,3,3,5,3,3
230012,11,3.6,5,4,3,3,3,5,3,3
230012,11,3.6,5,4,3,3,3,5,3,3
230012,11,3.6,5,4,3,3,3,5,3,3
230012,11,3.6,5,4,3,3,3,5,3,3
230012,11,3.6,5,4,3,3,3,5,3,3
230012,11,3.6,5,4,3,3,3,5,3,3
230013,10,3.5,3,4,4,3,3,3,4,4
230013,10,3.5,3,4,4,3,3,3,4,4
230013,10,3.5,3,4,4,3,3,3,4,4
230013,10,3.5,3,4,4,3,3,3,4,4
230013,10,3.5,3,4,4,3,3,3,4,4
230013,10,3.5,3,4,4,3,3,3,4,4
230013,10,3.5,3,4,4,3,3,3,4,4
230013,10,3.5,3,4,4,3,3,3,4,4
230013,10,3.5,3,4,4,3,3,3,4,4
230013,10,3.5,3,4,4,3,3,3,4,4
230014,11,2,3,2,2,1,2,2,2,2
230014,11,2,3,2,2,1,2,2,2,2
230014,11,2,3,2,2,1,2,2,2,2
230014,11,2,3,2,2,1,2,2,2,2
230014,11,2,3,2,2,1,2,2,2,2
230014,11,2,3,2,2,1,2,2,2,2
230014,11,2,3,2,2,1,2,2,2,2
230014,11,2,3,2,2,1,2,2,2,2
230014,11,2,3,2,2,1,2,2,2,2
230014,11,2,3,2,2,1,2,2,2,2
230015,10,3.6,4,4,3,5,3,4,3,3
230015,10,3.6,4,4,3,5,3,4,3,3
230015,10,3.6,4,4,3,5,3,4,3,3
230015,10,3.6,4,4,3,5,3,4,3,3
230015,10,3.6,4,4,3,5,3,4,3,3
230015,10,3.6,4,4,3,5,3,4,3,3
230015,10,3.6,4,4,3,5,3,4,3,3
230015,10,3.6,4,4,3,5,3,4,3,3
230015,10,3.6,4,4,3,5,3,4,3,3
230015,10,3.6,4,4,3,5,3,4,3,3
230015,10,3.6,4,4,3,5,3,4,3,3
230016,11,3.1,2,3,4,3,4,3,4,2
230016,11,3.1,2,3,4,3,4,3,4,2
230016,11,3.1,2,3,4,3,4,3,4,2
230016,11,3.1,2,3,4,3,4,3,4,2
230016,11,3.1,2,3,4,3,4,3,4,2
230016,11,3.1,2,3,4,3,4,3,4,2
230016,11,3.1,2,3,4,3,4,3,4,2
230016,11,3.1,2,3,4,3,4,3,4,2
230016,11,3.1,2,3,4,3,4,3,4,2
230016,11,3.1,2,3,4,3,4,3,4,2
230017,10,3,2,5,5,3,1,1,2,5
230017,10,3,2,5,5,3,1,1,2,5
230017,10,3,2,5,5,3,1,1,2,5
230017,10,3,2,5,5,3,1,1,2,5
230017,10,3,2,5,5,3,1,1,2,5
230017,10,3,2,5,5,3,1,1,2,5
230017,10,3,2,5,5,3,1,1,2,5
230017,10,3,2,5,5,3,1,1,2,5
230017,10,3,2,5,5,3,1,1,2,5
230017,10,3,2,5,5,3,1,1,2,5
230018,11,2.3,2,2,2,4,2,3,1,2
230018,11,2.3,2,2,2,4,2,3,1,2
230018,11,2.3,2,2,2,4,2,3,1,2
230018,11,2.3,2,2,2,4,2,3,1,2
230018,11,2.3,2,2,2,4,2,3,1,2
230018,11,2.3,2,2,2,4,2,3,1,2
230018,11,2.3,2,2,2,4,2,3,1,2
230018,11,2.3,2,2,2,4,2,3,1,2
230018,11,2.3,2,2,2,4,2,3,1,2
230018,11,2.3,2,2,2,4,2,3,1,2
230018,11,2.3,2,2,2,4,2,3,1,2
230019,10,3,2,3,3,4,3,3,3,3
230019,10,3,2,3,3,4,3,3,3,3
230019,10,3,2,3,3,4,3,3,3,3
230019,10,3,2,3,3,4,3,3,3,3
230019,10,3,2,3,3,4,3,3,3,3
230019,10,3,2,3,3,4,3,3,3,3
230019,10,3,2,3,3,4,3,3,3,3
230019,10,3,2,3,3,4,3,3,3,3
230019,10,3,2,3,3,4,3,3,3,3
230019,10,3,2,3,3,4,3,3,3,3
230020,11,3.6,3,5,5,4,3,3,2,4
230020,11,3.6,3,5,5,4,3,3,2,4
230020,11,3.6,3,5,5,4,3,3,2,4
230020,11,3.6,3,5,5,4,3,3,2,4
230020,11,3.6,3,5,5,4,3,3,2,4
230020,11,3.6,3,5,5,4,3,3,2,4
230020,11,3.6,3,5,5,4,3,3,2,4
230020,11,3.6,3,5,5,4,3,3,2,4
230020,11,3.6,3,5,5,4,3,3,2,4
230020,11,3.6,3,5,5,4,3,3,2,4
230021,10,2.4,2,4,3,4,2,2,1,1
230021,10,2.4,2,4,3,4,2,2,1,1
230021,10,2.4,2,4,3,4,2,2,1,1
230021,10,2.4,2,4,3,4,2,2,1,1
230021,10,2.4,2,4,3,4,2,2,1,1
230021,10,2.4,2,4,3,4,2,2,1,1
230021,10,2.4,2,4,3,4,2,2,1,1
230021,10,2.4,2,4,3,4,2,2,1,1
230021,10,2.4,2,4,3,4,2,2,1,1
230021,10,2.4,2,4,3,4,2,2,1,1
230021,10,2.4,2,4,3,4,2,2,1,1
230022,11,2.9,2,3,2,4,3,3,4,2
230022,11,2.9,2,3,2,4,3,3,4,2
230022,11,2.9,2,3,2,4,3,3,4,2
230022,11,2.9,2,3,2,4,3,3,4,2
230022,11,2.9,2,3,2,4,3,3,4,2
230022,11,2.9,2,3,2,4,3,3,4,2
230022,11,2.9,2,3,2,4,3,3,4,2
230022,11,2.9,2,3,2,4,3,3,4,2
230022,11,2.9,2,3,2,4,3,3,4,2
230022,11,2.9,2,3,2,4,3,3,4,2
230023,10,3.8,3,5,5,3,3,3,4,4
230023,10,3.8,3,5,5,3,3,3,4,4
230023,10,3.8,3,5,5,3,3,3,4,4
230023,10,3.8,3,5,5,3,3,3,4,4
230023,10,3.8,3,5,5,3,3,3,4,4
230023,10,3.8,3,5,5,3,3,3,4,4
230023,10,3.8,3,5,5,3,3,3,4,4
230023,10,3.8,3,5,5,3,3,3,4,4
230023,10,3.8,3,5,5,3,3,3,4,4
230023,10,3.8,3,5,5,3,3,3,4,4
230024,11,3.8,4,3,5,5,4,3,4,2
230024,11,3.8,4,3,5,5,4,3,4,2
230024,11,3.8,4,3,5,5,4,3,4,2
230024,11,3.8,4,3,5,5,4,3,4,2
230024,11,3.8,4,3,5,5,4,3,4,2
230024,11,3.8,4,3,5,5,4,3,4,2
230024,11,3.8,4,3,5,5,4,3,4,2
230024,11,3.8,4,3,5,5,4,3,4,2
230024,11,3.8,4,3,5,5,4,3,4,2
230024,11,3.8,4,3,5,5,4,3,4,2
230024,11,3.8,4,3,5,5,4,3,4,2
230025,10,3,3,4,3,3,3,2,3,3
230025,10,3,3,4,3,3,3,2,3,3
230025,10,3,3,4,3,3,3,2,3,3
230025,10,3,3,4,3,3,3,2,3,3
230025,10,3,3,4,3,3,3,2,3,3
230025,10,3,3,4,3,3,3,2,3,3
230025,10,3,3,4,3,3,3,2,3,3
230025,10,3,3,4,3,3,3,2,3,3
230025,10,3,3,4,3,3,3,2,3,3
230025,10,3,3,4,3,3,3,2,3,3
230026,11,3.1,2,4,2,4,4,3,2,4
230026,11,3.1,2,4,2,4,4,3,2,4
230026,11,3.1,2,4,2,4,4,3,2,4
230026,11,3.1,2,4,2,4,4,3,2,4
230026,11,3.1,2,4,2,4,4,3,2,4
230026,11,3.1,2,4,2,4,4,3,2,4
230026,11,3.1,2,4,2,4,4,3,2,4
230026,11,3.1,2,4,2,4,4,3,2,4
230026,11,3.1,2,4,2,4,4,3,2,4
230026,11,3.1,2,4,2,4,4,3,2,4
230027,10,2.4,3,3,2,3,2,1,4,1
230027,10,2.4,3,3,2,3,2,1,4,1
230027,10,2.4,3,3,2,3,2,1,4,1
230027,10,2.4,3,3,2,3,2,1,4,1
230027,10,2.4,3,3,2,3,2,1,4,1
230027,10,2.4,3,3,2,3,2,1,4,1
230027,10,2.4,3,3,2,3,2,1,4,1
230027,10,2.4,3,3,2,3,2,1,4,1
230027,10,2.4,3,3,2,3,2,1,4,1
230027,10,2.4,3,3,2,3,2,1,4,1
230027,10,2.4,3,3,2,3,2,1,4,1
230028,11,2.5,2,3,2,4,2,2,3,2
230028,11,2.5,2,3,2,4,2,2,3,2
230028,11,2.5,2,3,2,4,2,2,3,2
230028,11,2.5,2,3,2,4,2,2,3,2
230028,11,2.5,2,3,2,4,2,2,3,2
230028,11,2.5,2,3,2,4,2,2,3,2
230028,11,2.5,2,3,2,4,2,2,3,2
230028,11,2.5,2,3,2,4,2,2,3,2
230028,11,2.5,2,3,2,4,2,2,3,2
230028,11,2.5,2,3,2,4,2,2,3,2
230029,10,2.6,2,3,2,3,2,3,3,3
230029,10,2.6,2,3,2,3,2,3,3,3
230029,10,2.6,2,3,2,3,2,3,3,3
230029,10,2.6,2,3,2,3,2,3,3,3
230029,10,2.6,2,3,2,3,2,3,3,3
230029,10,2.6,2,3,2,3,2,3,3,3
230029,10,2.6,2,3,2,3,2,3,3,3
230029,10,2.6,2,3,2,3,2,3,3,3
230029,10,2.6,2,3,2,3,2,3,3,3
230029,10,2.6,2,3,2,3,2,3,3,3
230030,11,3.3,2,4,4,5,3,2,2,4
230030,11,3.3,2,4,4,5,3,2,2,4
230030,11,3.3,2,4,4,5,3,2,2,4
230030,11,3.3,2,4,4,5,3,2,2,4
230030,11,3.3,2,4,4,5,3,2,2,4
230030,11,3.3,2,4,4,5,3,2,2,4
230030,11,3.3,2,4,4,5,3,2,2,4
230030,11,3.3,2,4,4,5,3,2,2,4
230030,11,3.3,2,4,4,5,3,2,2,4
230030,11,3.3,2,4,4,5,3,2,2,4
230030,11,3.3,2,4,4,5,3,2,2,4
230031,10,3.3,3,3,3,4,4,3,3,3
230031,10,3.3,3,3,3,4,4,3,3,3
230031,10,3.3,3,3,3,4,4,3,3,3
230031,10,3.3,3,3,3,4,4,3,3,3
230031,10,3.3,3,3,3,4,4,3,3,3
230031,10,3.3,3,3,3,4,4,3,3,3
230031,10,3.3,3,3,3,4,4,3,3,3
230031,10,3.3,3,3,3,4,4,3,3,3
230031,10,3.3,3,3,3,4,4,3,3,3
230031,10,3.3,3,3,3,4,4,3,3,3
230032,11,3.6,3,4,3,5,4,3,3,4
230032,11,3.6,3,4,3,5,4,3,3,4
230032,11,3.6,3,4,3,5,4,3,3,4
230032,11,3.6,3,4,3,5,4,3,3,4
230032,11,3.6,3,4,3,5,4,3,3,4
230032,11,3.6,3,4,3,5,4,3,3,4
230032,11,3.6,3,4,3,5,4,3,3,4
230032,11,3.6,3,4,3,5,4,3,3,4
230032,11,3.6,3,4,3,5,4,3,3,4
230032,11,3.6,3,4,3,5,4,3,3,4
230033,10,2.1,1,3,2,2,2,2,3,2
230033,10,2.1,1,3,2,2,2,2,3,2
230033,10,2.1,1,3,2,2,2,2,3,2
230033,10,2.1,1,3,2,2,2,2,3,2
230033,10,2.1,1,3,2,2,2,2,3,2
230033,10,2.1,1,3,2,2,2,2,3,2
230033,10,2.1,1,3,2,2,2,2,3,2
230033,10,2.1,1,3,2,2,2,2,3,2
230033,10,2.1,1,3,2,2,2,2,3,2
230033,10,2.1,1,3,2,2,2,2,3,2
230033,10,2.1,1,3,2,2,2,2,3,2
230034,11,3.5,2,5,4,4,4,2,3,4
230034,11,3.5,2,5,4,4,4,2,3,4
230034,11,3.5,2,5,4,4,4,2,3,4
230034,11,3.5,2,5,4,4,4,2,3,4
230034,11,3.5,2,5,4,4,4,2,3,4
230034,11,3.5,2,5,4,4,4,2,3,4
230034,11,3.5,2,5,4,4,4,2,3,4
230034,11,3.5,2,5,4,4,4,2,3,4
230034,11,3.5,2,5,4,4,4,2,3,4
230034,11,3.5,2,5,4,4,4,2,3,4
230035,10,3.1,2,5,4,3,3,2,2,4
230035,10,3.1,2,5,4,3,3,2,2,4
230035,10,3.1,2,5,4,3,3,2,2,4
230035,10,3.1,2,5,4,3,3,2,2,4
230035,10,3.1,2,5,4,3,3,2,2,4
230035,10,3.1,2,5,4,3,3,2,2,4
230035,10,3.1,2,5,4,3,3,2,2,4
230035,10,3.1,2,5,4,3,3,2,2,4
230035,10,3.1,2,5,4,3,3,2,2,4
230035,10,3.1,2,5,4,3,3,2,2,4
230036,11,3.3,3,4,3,5,2,3,3,3
230036,11,3.3,3,4,3,5,2,3,3,3
230036,11,3.3,3,4,3,5,2,3,3,3
230036,11,3.3,3,4,3,5,2,3,3,3
230036,11,3.3,3,4,3,5,2,3,3,3
230036,11,3.3,3,4,3,5,2,3,3,3
230036,11,3.3,3,4,3,5,2,3,3,3
230036,11,3.3,3,4,3,5,2,3,3,3
230036,11,3.3,3,4,3,5,2,3,3,3
230036,11,3.3,3,4,3,5,2,3,3,3
230036,11,3.3,3,4,3,5,2,3,3,3
230037,10,3,2,5,3,5,1,2,4,2
230037,10,3,2,5,3,5,1,2,4,2
230037,10,3,2,5,3,5,1,2,4,2
230037,10,3,2,5,3,5,1,2,4,2
230037,10,3,2,5,3,5,1,2,4,2
230037,10,3,2,5,3,5,1,2,4,2
230037,10,3,2,5,3,5,1,2,4,2
230037,10,3,2,5,3,5,1,2,4,2
230037,10,3,2,5,3,5,1,2,4,2
230037,10,3,2,5,3,5,1,2,4,2
230038,11,3.1,3,3,3,4,3,3,3,3
230038,11,3.1,3,3,3,4,3,3,3,3
230038,11,3.1,3,3,3,4,3,3,3,3
230038,11,3.1,3,3,3,4,3,3,3,3
230038,11,3.1,3,3,3,4,3,3,3,3
230038,11,3.1,3,3,3,4,3,3,3,3
230038,11,3.1,3,3,3,4,3,3,3,3
230038,11,3.1,3,3,3,4,3,3,3,3
230038,11,3.1,3,3,3,4,3,3,3,3
230038,11,3.1,3,3,3,4,3,3,3,3
230039,10,3.4,2,5,5,4,1,2,3,5
230039,10,3.4,2,5,5,4,1,2,3,5
230039,10,3.4,2,5,5,4,1,2,3,5
230039,10,3.4,2,5,5,4,1,2,3,5
230039,10,3.4,2,5,5,4,1,2,3,5
230039,10,3.4,2,5,5,4,1,2,3,5
230039,10,3.4,2,5,5,4,1,2,3,5
230039,10,3.4,2,5,5,4,1,2,3,5
230039,10,3.4,2,5,5,4,1,2,3,5
230039,10,3.4,2,5,5,4,1,2,3,5
230039,10,3.4,2,5,5,4,1,2,3,5
230040,11,3.3,3,4,3,2,3,2,4,5
230040,11,3.3,3,4,3,2,3,2,4,5
230040,11,3.3,3,4,3,2,3,2,4,5
230040,11,3.3,3,4,3,2,3,2,4,5
230040,11,3.3,3,4,3,2,3,2,4,5
230040,11,3.3,3,4,3,2,3,2,4,5
230040,11,3.3,3,4,3,2,3,2,4,5
230040,11,3.3,3,4,3,2,3,2,4,5
230040,11,3.3,3,4,3,2,3,2,4,5
230040,11,3.3,3,4,3,2,3,2,4,5
230041,10,1.8,3,3,1,1,1,3,1,1
230041,10,1.8,3,3,1,1,1,3,1,1
230041,10,1.8,3,3,1,1,1,3,1,1
230041,10,1.8,3,3,1,1,1,3,1,1
230041,10,1.8,3,3,1,1,1,3,1,1
230041,10,1.8,3,3,1,1,1,3,1,1
230041,10,1.8,3,3,1,1,1,3,1,1
230041,10,1.8,3,3,1,1,1,3,1,1
230041,10,1.8,3,3,1,1,1,3,1,1
230041,10,1.8,3,3,1,1,1,3,1,1
230042,11,2,2,3,2,4,1,1,2,1
230042,11,2,2,3,2,4,1,1,2,1
230042,11,2,2,3,2,4,1,1,2,1
230042,11,2,2,3,2,4,1,1,2,1
230042,11,2,2,3,2,4,1,1,2,1
230042,11,2,2,3,2,4,1,1,2,1
230042,11,2,2,3,2,4,1,1,2,1
230042,11,2,2,3,2,4,1,1,2,1
230042,11,2,2,3,2,4,1,1,2,1
230042,11,2,2,3,2,4,1,1,2,1
230042,11,2,2,3,2,4,1,1,2,1
230043,10,2.9,1,4,3,5,1,1,5,3
230043,10,2.9,1,4,3,5,1,1,5,3
230043,10,2.9,1,4,3,5,1,1,5,3
230043,10,2.9,1,4,3,5,1,1,5,3
230043,10,2.9,1,4,3,5,1,1,5,3
230043,10,2.9,1,4,3,5,1,1,5,3
230043,10,2.9,1,4,3,5,1,1,5,3
230043,10,2.9,1,4,3,5,1,1,5,3
230043,10,2.9,1,4,3,5,1,1,5,3
230043,10,2.9,1,4,3,5,1,1,5,3
230044,11,2.9,3,3,3,3,2,3,3,3
230044,11,2.9,3,3,3,3,2,3,3,3
230044,11,2.9,3,3,3,3,2,3,3,3
230044,11,2.9,3,3,3,3,2,3,3,3
230044,11,2.9,3,3,3,3,2,3,3,3
230044,11,2.9,3,3,3,3,2,3,3,3
230044,11,2.9,3,3,3,3,2,3,3,3
230044,11,2.9,3,3,3,3,2,3,3,3
230044,11,2.9,3,3,3,3,2,3,3,3
230044,11,2.9,3,3,3,3,2,3,3,3
230045,10,4.3,3,5,3,4,5,4,5,5
230045,10,4.3,3,5,3,4,5,4,5,5
230045,10,4.3,3,5,3,4,5,4,5,5
230045,10,4.3,3,5,3,4,5,4,5,5
230045,10,4.3,3,5,3,4,5,4,5,5
230045,10,4.3,3,5,3,4,5,4,5,5
230045,10,4.3,3,5,3,4,5,4,5,5
230045,10,4.3,3,5,3,4,5,4,5,5
230045,10,4.3,3,5,3,4,5,4,5,5
230045,10,4.3,3,5,3,4,5,4,5,5
230045,10,4.3,3,5,3,4,5,4,5,5
230046,11,3.3,2,4,3,5,2,2,4,4
230046,11,3.3,2,4,3,5,2,2,4,4
230046,11,3.3,2,4,3,5,2,2,4,4
230046,11,3.3,2,4,3,5,2,2,4,4
230046,11,3.3,2,4,3,5,2,2,4,4
230046,11,3.3,2,4,3,5,2,2,4,4
230046,11,3.3,2,4,3,5,2,2,4,4
230046,11,3.3,2,4,3,5,2,2,4,4
230046,11,3.3,2,4,3,5,2,2,4,4
230046,11,3.3,2,4,3,5,2,2,4,4
230047,10,2.9,4,4,3,4,2,1,3,2
230047,10,2.9,4,4,3,4,2,1,3,2
230047,10,2.9,4,4,3,4,2,1,3,2
230047,10,2.9,4,4,3,4,2,1,3,2
230047,10,2.9,4,4,3,4,2,1,3,2
230047,10,2.9,4,4,3,4,2,1,3,2
230047,10,2.9,4,4,3,4,2,1,3,2
230047,10,2.9,4,4,3,4,2,1,3,2
230047,10,2.9,4,4,3,4,2,1,3,2
230047,10,2.9,4,4,3,4,2,1,3,2
230048,11,4.8,3,5,5,5,5,5,5,5
230048,11,4.8,3,5,5,5,5,5,5,5
230048,11,4.8,3,5,5,5,5,5,5,5
230048,11,4.8,3,5,5,5,5,5,5,5
230048,11,4.8,3,5,5,5,5,5,5,5
230048,11,4.8,3,5,5,5,5,5,5,5
230048,11,4.8,3,5,5,5,5,5,5,5
230048,11,4.8,3,5,5,5,5,5,5,5
230048,11,4.8,3,5,5,5,5,5,5,5
230048,11,4.8,3,5,5,5,5,5,5,5
230048,11,4.8,3,5,5,5,5,5,5,5
230049,10,3.3,2,3,4,4,3,3,4,3
230049,10,3.3,2,3,4,4,3,3,4,3
230049,10,3.3,2,3,4,4,3,3,4,3
230049,10,3.3,2,3,4,4,3,3,4,3
230049,10,3.3,2,3,4,4,3,3,4,3
230049,10,3.3,2,3,4,4,3,3,4,3
230049,10,3.3,2,3,4,4,3,3,4,3
230049,10,3.3,2,3,4,4,3,3,4,3
230049,10,3.3,2,3,4,4,3,3,4,3
230049,10,3.3,2,3,4,4,3,3,4,3
230050,11,2.3,2,2,2,3,2,2,3,2
230050,11,2.3,2,2,2,3,2,2,3,2
230050,11,2.3,2,2,2,3,2,2,3,2
230050,11,2.3,2,2,2,3,2,2,3,2
230050,11,2.3,2,2,2,3,2,2,3,2
230050,11,2.3,2,2,2,3,2,2,3,2
230050,11,2.3,2,2,2,3,2,2,3,2
230050,11,2.3,2,2,2,3,2,2,3,2
230050,11,2.3,2,2,2,3,2,2,3,2
230050,11,2.3,2,2,2,3,2,2,3,2
230051,11,3,4,4,5,3,1,1,1,5
230051,11,3,4,4,5,3,1,1,1,5
230051,11,3,4,4,5,3,1,1,1,5
230051,11,3,4,4,5,3,1,1,1,5
230051,11,3,4,4,5,3,1,1,1,5
230051,11,3,4,4,5,3,1,1,1,5
230051,11,3,4,4,5,3,1,1,1,5
230051,11,3,4,4,5,3,1,1,1,5
230051,11,3,4,4,5,3,1,1,1,5
230051,11,3,4,4,5,3,1,1,1,5
230051,11,3,4,4,5,3,1,1,1,5
230052,10,2.8,2,3,4,3,2,2,2,4
230052,10,2.8,2,3,4,3,2,2,2,4
230052,10,2.8,2,3,4,3,2,2,2,4
230052,10,2.8,2,3,4,3,2,2,2,4
230052,10,2.8,2,3,4,3,2,2,2,4
230052,10,2.8,2,3,4,3,2,2,2,4
230052,10,2.8,2,3,4,3,2,2,2,4
230052,10,2.8,2,3,4,3,2,2,2,4
230052,10,2.8,2,3,4,3,2,2,2,4
230052,10,2.8,2,3,4,3,2,2,2,4
230053,10,2.6,3,4,1,4,3,3,2,1
230053,10,2.6,3,4,1,4,3,3,2,1
230053,10,2.6,3,4,1,4,3,3,2,1
230053,10,2.6,3,4,1,4,3,3,2,1
230053,10,2.6,3,4,1,4,3,3,2,1
230053,10,2.6,3,4,1,4,3,3,2,1
230053,10,2.6,3,4,1,4,3,3,2,1
230053,10,2.6,3,4,1,4,3,3,2,1
230053,10,2.6,3,4,1,4,3,3,2,1
230053,10,2.6,3,4,1,4,3,3,2,1
230054,11,4,5,5,4,5,4,3,4,2
230054,11,4,5,5,4,5,4,3,4,2
230054,11,4,5,5,4,5,4,3,4,2
230054,11,4,5,5,4,5,4,3,4,2
230054,11,4,5,5,4,5,4,3,4,2
230054,11,4,5,5,4,5,4,3,4,2
230054,11,4,5,5,4,5,4,3,4,2
230054,11,4,5,5,4,5,4,3,4,2
230054,11,4,5,5,4,5,4,3,4,2
230054,11,4,5,5,4,5,4,3,4,2
230054,11,4,5,5,4,5,4,3,4,2
230055,10,3.3,3,4,3,4,2,3,3,4
230055,10,3.3,3,4,3,4,2,3,3,4
230055,10,3.3,3,4,3,4,2,3,3,4
230055,10,3.3,3,4,3,4,2,3,3,4
230055,10,3.3,3,4,3,4,2,3,3,4
230055,10,3.3,3,4,3,4,2,3,3,4
230055,10,3.3,3,4,3,4,2,3,3,4
230055,10,3.3,3,4,3,4,2,3,3,4
230055,10,3.3,3,4,3,4,2,3,3,4
230055,10,3.3,3,4,3,4,2,3,3,4
230056,10,3.6,2,4,3,5,4,3,4,4
230056,10,3.6,2,4,3,5,4,3,4,4
230056,10,3.6,2,4,3,5,4,3,4,4
230056,10,3.6,2,4,3,5,4,3,4,4
230056,10,3.6,2,4,3,5,4,3,4,4
230056,10,3.6,2,4,3,5,4,3,4,4
230056,10,3.6,2,4,3,5,4,3,4,4
230056,10,3.6,2,4,3,5,4,3,4,4
230056,10,3.6,2,4,3,5,4,3,4,4
230056,10,3.6,2,4,3,5,4,3,4,4
230057,12,2,2,2,2,2,2,2,2,2
230057,12,2,2,2,2,2,2,2,2,2
230057,12,2,2,2,2,2,2,2,2,2
230057,12,2,2,2,2,2,2,2,2,2
230057,12,2,2,2,2,2,2,2,2,2
230057,12,2,2,2,2,2,2,2,2,2
230057,12,2,2,2,2,2,2,2,2,2
230057,12,2,2,2,2,2,2,2,2,2
230057,12,2,2,2,2,2,2,2,2,2
230057,12,2,2,2,2,2,2,2,2,2
230057,12,2,2,2,2,2,2,2,2,2
230057,12,2,2,2,2,2,2,2,2,2
230058,12,3.1,3,4,4,5,2,1,3,3
230058,12,3.1,3,4,4,5,2,1,3,3
230058,12,3.1,3,4,4,5,2,1,3,3
230058,12,3.1,3,4,4,5,2,1,3,3
230058,12,3.1,3,4,4,5,2,1,3,3
230058,12,3.1,3,4,4,5,2,1,3,3
230058,12,3.1,3,4,4,5,2,1,3,3
230058,12,3.1,3,4,4,5,2,1,3,3
230058,12,3.1,3,4,4,5,2,1,3,3
230058,12,3.1,3,4,4,5,2,1,3,3
230058,12,3.1,3,4,4,5,2,1,3,3
230058,12,3.1,3,4,4,5,2,1,3,3
230059,11,2.8,2,4,4,3,2,2,3,2
230059,11,2.8,2,4,4,3,2,2,3,2
230059,11,2.8,2,4,4,3,2,2,3,2
230059,11,2.8,2,4,4,3,2,2,3,2
230059,11,2.8,2,4,4,3,2,2,3,2
230059,11,2.8,2,4,4,3,2,2,3,2
230059,11,2.8,2,4,4,3,2,2,3,2
230059,11,2.8,2,4,4,3,2,2,3,2
230059,11,2.8,2,4,4,3,2,2,3,2
230059,11,2.8,2,4,4,3,2,2,3,2
230059,11,2.8,2,4,4,3,2,2,3,2
230060,12,2.1,2,2,2,3,3,3,1,1
230060,12,2.1,2,2,2,3,3,3,1,1
230060,12,2.1,2,2,2,3,3,3,1,1
230060,12,2.1,2,2,2,3,3,3,1,1
230060,12,2.1,2,2,2,3,3,3,1,1
230060,12,2.1,2,2,2,3,3,3,1,1
230060,12,2.1,2,2,2,3,3,3,1,1
230060,12,2.1,2,2,2,3,3,3,1,1
230060,12,2.1,2,2,2,3,3,3,1,1
230060,12,2.1,2,2,2,3,3,3,1,1
230060,12,2.1,2,2,2,3,3,3,1,1
230060,12,2.1,2,2,2,3,3,3,1,1
230061,12,3.3,2,5,4,3,5,2,2,3
230061,12,3.3,2,5,4,3,5,2,2,3
230061,12,3.3,2,5,4,3,5,2,2,3
230061,12,3.3,2,5,4,3,5,2,2,3
230061,12,3.3,2,5,4,3,5,2,2,3
230061,12,3.3,2,5,4,3,5,2,2,3
230061,12,3.3,2,5,4,3,5,2,2,3
230061,12,3.3,2,5,4,3,5,2,2,3
230061,12,3.3,2,5,4,3,5,2,2,3
230061,12,3.3,2,5,4,3,5,2,2,3
230061,12,3.3,2,5,4,3,5,2,2,3
230061,12,3.3,2,5,4,3,5,2,2,3
230062,12,3.9,3,5,3,5,3,4,5,3
230062,12,3.9,3,5,3,5,3,4,5,3
230062,12,3.9,3,5,3,5,3,4,5,3
230062,12,3.9,3,5,3,5,3,4,5,3
230062,12,3.9,3,5,3,5,3,4,5,3
230062,12,3.9,3,5,3,5,3,4,5,3
230062,12,3.9,3,5,3,5,3,4,5,3
230062,12,3.9,3,5,3,5,3,4,5,3
230062,12,3.9,3,5,3,5,3,4,5,3
230062,12,3.9,3,5,3,5,3,4,5,3
230062,12,3.9,3,5,3,5,3,4,5,3
230062,12,3.9,3,5,3,5,3,4,5,3
230063,13,3.5,3,4,3,4,3,4,4,3
230063,13,3.5,3,4,3,4,3,4,4,3
230063,13,3.5,3,4,3,4,3,4,4,3
230063,13,3.5,3,4,3,4,3,4,4,3
230063,13,3.5,3,4,3,4,3,4,4,3
230063,13,3.5,3,4,3,4,3,4,4,3
230063,13,3.5,3,4,3,4,3,4,4,3
230063,13,3.5,3,4,3,4,3,4,4,3
230063,13,3.5,3,4,3,4,3,4,4,3
230063,13,3.5,3,4,3,4,3,4,4,3
230063,13,3.5,3,4,3,4,3,4,4,3
230063,13,3.5,3,4,3,4,3,4,4,3
230063,13,3.5,3,4,3,4,3,4,4,3
230064,11,2.1,2,2,2,2,2,2,2,3
230064,11,2.1,2,2,2,2,2,2,2,3
230064,11,2.1,2,2,2,2,2,2,2,3
230064,11,2.1,2,2,2,2,2,2,2,3
230064,11,2.1,2,2,2,2,2,2,2,3
230064,11,2.1,2,2,2,2,2,2,2,3
230064,11,2.1,2,2,2,2,2,2,2,3
230064,11,2.1,2,2,2,2,2,2,2,3
230064,11,2.1,2,2,2,2,2,2,2,3
230064,11,2.1,2,2,2,2,2,2,2,3
230064,11,2.1,2,2,2,2,2,2,2,3
230065,14,2.6,2,3,3,5,2,2,2,2
230065,14,2.6,2,3,3,5,2,2,2,2
230065,14,2.6,2,3,3,5,2,2,2,2
230065,14,2.6,2,3,3,5,2,2,2,2
230065,14,2.6,2,3,3,5,2,2,2,2
230065,14,2.6,2,3,3,5,2,2,2,2
230065,14,2.6,2,3,3,5,2,2,2,2
230065,14,2.6,2,3,3,5,2,2,2,2
230065,14,2.6,2,3,3,5,2,2,2,2
230065,14,2.6,2,3,3,5,2,2,2,2
230065,14,2.6,2,3,3,5,2,2,2,2
230065,14,2.6,2,3,3,5,2,2,2,2
230065,14,2.6,2,3,3,5,2,2,2,2
230065,14,2.6,2,3,3,5,2,2,2,2
230066,12,3.4,3,4,3,5,3,3,3,3
230066,12,3.4,3,4,3,5,3,3,3,3
230066,12,3.4,3,4,3,5,3,3,3,3
230066,12,3.4,3,4,3,5,3,3,3,3
230066,12,3.4,3,4,3,5,3,3,3,3
230066,12,3.4,3,4,3,5,3,3,3,3
230066,12,3.4,3,4,3,5,3,3,3,3
230066,12,3.4,3,4,3,5,3,3,3,3
230066,12,3.4,3,4,3,5,3,3,3,3
230066,12,3.4,3,4,3,5,3,3,3,3
230066,12,3.4,3,4,3,5,3,3,3,3
230066,12,3.4,3,4,3,5,3,3,3,3
230067,14,3.5,3,4,4,5,4,2,2,4
230067,14,3.5,3,4,4,5,4,2,2,4
230067,14,3.5,3,4,4,5,4,2,2,4
230067,14,3.5,3,4,4,5,4,2,2,4
230067,14,3.5,3,4,4,5,4,2,2,4
230067,14,3.5,3,4,4,5,4,2,2,4
230067,14,3.5,3,4,4,5,4,2,2,4
230067,14,3.5,3,4,4,5,4,2,2,4
230067,14,3.5,3,4,4,5,4,2,2,4
230067,14,3.5,3,4,4,5,4,2,2,4
230067,14,3.5,3,4,4,5,4,2,2,4
230067,14,3.5,3,4,4,5,4,2,2,4
230067,14,3.5,3,4,4,5,4,2,2,4
230067,14,3.5,3,4,4,5,4,2,2,4
230068,14,2.8,2,3,3,2,3,2,4,3
230068,14,2.8,2,3,3,2,3,2,4,3
230068,14,2.8,2,3,3,2,3,2,4,3
230068,14,2.8,2,3,3,2,3,2,4,3
230068,14,2.8,2,3,3,2,3,2,4,3
230068,14,2.8,2,3,3,2,3,2,4,3
230068,14,2.8,2,3,3,2,3,2,4,3
230068,14,2.8,2,3,3,2,3,2,4,3
230068,14,2.8,2,3,3,2,3,2,4,3
230068,14,2.8,2,3,3,2,3,2,4,3
230068,14,2.8,2,3,3,2,3,2,4,3
230068,14,2.8,2,3,3,2,3,2,4,3
230068,14,2.8,2,3,3,2,3,2,4,3
230068,14,2.8,2,3,3,2,3,2,4,3
230069,11,2.9,2,4,3,2,2,3,3,4
230069,11,2.9,2,4,3,2,2,3,3,4
230069,11,2.9,2,4,3,2,2,3,3,4
230069,11,2.9,2,4,3,2,2,3,3,4
230069,11,2.9,2,4,3,2,2,3,3,4
230069,11,2.9,2,4,3,2,2,3,3,4
230069,11,2.9,2,4,3,2,2,3,3,4
230069,11,2.9,2,4,3,2,2,3,3,4
230069,11,2.9,2,4,3,2,2,3,3,4
230069,11,2.9,2,4,3,2,2,3,3,4
230069,11,2.9,2,4,3,2,2,3,3,4
230070,15,3,1,5,5,3,2,1,2,5
230070,15,3,1,5,5,3,2,1,2,5
230070,15,3,1,5,5,3,2,1,2,5
230070,15,3,1,5,5,3,2,1,2,5
230070,15,3,1,5,5,3,2,1,2,5
230070,15,3,1,5,5,3,2,1,2,5
230070,15,3,1,5,5,3,2,1,2,5
230070,15,3,1,5,5,3,2,1,2,5
230070,15,3,1,5,5,3,2,1,2,5
230070,15,3,1,5,5,3,2,1,2,5
230070,15,3,1,5,5,3,2,1,2,5
230070,15,3,1,5,5,3,2,1,2,5
230070,15,3,1,5,5,3,2,1,2,5
230070,15,3,1,5,5,3,2,1,2,5
230070,15,3,1,5,5,3,2,1,2,5
230071,12,3.1,3,4,4,2,2,3,4,3
230071,12,3.1,3,4,4,2,2,3,4,3
230071,12,3.1,3,4,4,2,2,3,4,3
230071,12,3.1,3,4,4,2,2,3,4,3
230071,12,3.1,3,4,4,2,2,3,4,3
230071,12,3.1,3,4,4,2,2,3,4,3
230071,12,3.1,3,4,4,2,2,3,4,3
230071,12,3.1,3,4,4,2,2,3,4,3
230071,12,3.1,3,4,4,2,2,3,4,3
230071,12,3.1,3,4,4,2,2,3,4,3
230071,12,3.1,3,4,4,2,2,3,4,3
230071,12,3.1,3,4,4,2,2,3,4,3
230072,12,2.6,2,3,3,2,2,2,4,3
230072,12,2.6,2,3,3,2,2,2,4,3
230072,12,2.6,2,3,3,2,2,2,4,3
230072,12,2.6,2,3,3,2,2,2,4,3
230072,12,2.6,2,3,3,2,2,2,4,3
230072,12,2.6,2,3,3,2,2,2,4,3
230072,12,2.6,2,3,3,2,2,2,4,3
230072,12,2.6,2,3,3,2,2,2,4,3
230072,12,2.6,2,3,3,2,2,2,4,3
230072,12,2.6,2,3,3,2,2,2,4,3
230072,12,2.6,2,3,3,2,2,2,4,3
230072,12,2.6,2,3,3,2,2,2,4,3
230073,13,2.8,2,3,3,5,2,2,2,3
230073,13,2.8,2,3,3,5,2,2,2,3
230073,13,2.8,2,3,3,5,2,2,2,3
230073,13,2.8,2,3,3,5,2,2,2,3
230073,13,2.8,2,3,3,5,2,2,2,3
230073,13,2.8,2,3,3,5,2,2,2,3
230073,13,2.8,2,3,3,5,2,2,2,3
230073,13,2.8,2,3,3,5,2,2,2,3
230073,13,2.8,2,3,3,5,2,2,2,3
230073,13,2.8,2,3,3,5,2,2,2,3
230073,13,2.8,2,3,3,5,2,2,2,3
230073,13,2.8,2,3,3,5,2,2,2,3
230073,13,2.8,2,3,3,5,2,2,2,3
230074,13,2.8,2,3,2,5,2,2,3,3
230074,13,2.8,2,3,2,5,2,2,3,3
230074,13,2.8,2,3,2,5,2,2,3,3
230074,13,2.8,2,3,2,5,2,2,3,3
230074,13,2.8,2,3,2,5,2,2,3,3
230074,13,2.8,2,3,2,5,2,2,3,3
230074,13,2.8,2,3,2,5,2,2,3,3
230074,13,2.8,2,3,2,5,2,2,3,3
230074,13,2.8,2,3,2,5,2,2,3,3
230074,13,2.8,2,3,2,5,2,2,3,3
230074,13,2.8,2,3,2,5,2,2,3,3
230074,13,2.8,2,3,2,5,2,2,3,3
230074,13,2.8,2,3,2,5,2,2,3,3
230075,11,2.9,3,2,4,4,2,3,2,3
230075,11,2.9,3,2,4,4,2,3,2,3
230075,11,2.9,3,2,4,4,2,3,2,3
230075,11,2.9,3,2,4,4,2,3,2,3
230075,11,2.9,3,2,4,4,2,3,2,3
230075,11,2.9,3,2,4,4,2,3,2,3
230075,11,2.9,3,2,4,4,2,3,2,3
230075,11,2.9,3,2,4,4,2,3,2,3
230075,11,2.9,3,2,4,4,2,3,2,3
230075,11,2.9,3,2,4,4,2,3,2,3
230075,11,2.9,3,2,4,4,2,3,2,3
230076,12,3.1,4,3,2,4,3,3,3,3
230076,12,3.1,4,3,2,4,3,3,3,3
230076,12,3.1,4,3,2,4,3,3,3,3
230076,12,3.1,4,3,2,4,3,3,3,3
230076,12,3.1,4,3,2,4,3,3,3,3
230076,12,3.1,4,3,2,4,3,3,3,3
230076,12,3.1,4,3,2,4,3,3,3,3
230076,12,3.1,4,3,2,4,3,3,3,3
230076,12,3.1,4,3,2,4,3,3,3,3
230076,12,3.1,4,3,2,4,3,3,3,3
230076,12,3.1,4,3,2,4,3,3,3,3
230076,12,3.1,4,3,2,4,3,3,3,3
230077,16,2.8,3,3,4,4,2,2,3,1
230077,16,2.8,3,3,4,4,2,2,3,1
230077,16,2.8,3,3,4,4,2,2,3,1
230077,16,2.8,3,3,4,4,2,2,3,1
230077,16,2.8,3,3,4,4,2,2,3,1
230077,16,2.8,3,3,4,4,2,2,3,1
230077,16,2.8,3,3,4,4,2,2,3,1
230077,16,2.8,3,3,4,4,2,2,3,1
230077,16,2.8,3,3,4,4,2,2,3,1
230077,16,2.8,3,3,4,4,2,2,3,1
230077,16,2.8,3,3,4,4,2,2,3,1
230077,16,2.8,3,3,4,4,2,2,3,1
230077,16,2.8,3,3,4,4,2,2,3,1
230077,16,2.8,3,3,4,4,2,2,3,1
230077,16,2.8,3,3,4,4,2,2,3,1
230077,16,2.8,3,3,4,4,2,2,3,1
230078,15,2.9,2,3,1,5,3,3,3,3
230078,15,2.9,2,3,1,5,3,3,3,3
230078,15,2.9,2,3,1,5,3,3,3,3
230078,15,2.9,2,3,1,5,3,3,3,3
230078,15,2.9,2,3,1,5,3,3,3,3
230078,15,2.9,2,3,1,5,3,3,3,3
230078,15,2.9,2,3,1,5,3,3,3,3
230078,15,2.9,2,3,1,5,3,3,3,3
230078,15,2.9,2,3,1,5,3,3,3,3
230078,15,2.9,2,3,1,5,3,3,3,3
230078,15,2.9,2,3,1,5,3,3,3,3
230078,15,2.9,2,3,1,5,3,3,3,3
230078,15,2.9,2,3,1,5,3,3,3,3
230078,15,2.9,2,3,1,5,3,3,3,3
230078,15,2.9,2,3,1,5,3,3,3,3
230079,15,3.5,3,3,3,5,4,3,4,3
230079,15,3.5,3,3,3,5,4,3,4,3
230079,15,3.5,3,3,3,5,4,3,4,3
230079,15,3.5,3,3,3,5,4,3,4,3
230079,15,3.5,3,3,3,5,4,3,4,3
230079,15,3.5,3,3,3,5,4,3,4,3
230079,15,3.5,3,3,3,5,4,3,4,3
230079,15,3.5,3,3,3,5,4,3,4,3
230079,15,3.5,3,3,3,5,4,3,4,3
230079,15,3.5,3,3,3,5,4,3,4,3
230079,15,3.5,3,3,3,5,4,3,4,3
230079,15,3.5,3,3,3,5,4,3,4,3
230079,15,3.5,3,3,3,5,4,3,4,3
230079,15,3.5,3,3,3,5,4,3,4,3
230079,15,3.5,3,3,3,5,4,3,4,3
230080,16,2.3,2,2,2,4,2,2,2,2
230080,16,2.3,2,2,2,4,2,2,2,2
230080,16,2.3,2,2,2,4,2,2,2,2
230080,16,2.3,2,2,2,4,2,2,2,2
230080,16,2.3,2,2,2,4,2,2,2,2
230080,16,2.3,2,2,2,4,2,2,2,2
230080,16,2.3,2,2,2,4,2,2,2,2
230080,16,2.3,2,2,2,4,2,2,2,2
230080,16,2.3,2,2,2,4,2,2,2,2
230080,16,2.3,2,2,2,4,2,2,2,2
230080,16,2.3,2,2,2,4,2,2,2,2
230080,16,2.3,2,2,2,4,2,2,2,2
230080,16,2.3,2,2,2,4,2,2,2,2
230080,16,2.3,2,2,2,4,2,2,2,2
230080,16,2.3,2,2,2,4,2,2,2,2
230080,16,2.3,2,2,2,4,2,2,2,2
230081,19,3.3,4,4,2,4,1,3,4,4
230081,19,3.3,4,4,2,4,1,3,4,4
230081,19,3.3,4,4,2,4,1,3,4,4
230081,19,3.3,4,4,2,4,1,3,4,4
230081,19,3.3,4,4,2,4,1,3,4,4
230081,19,3.3,4,4,2,4,1,3,4,4
230081,19,3.3,4,4,2,4,1,3,4,4
230081,19,3.3,4,4,2,4,1,3,4,4
230081,19,3.3,4,4,2,4,1,3,4,4
230081,19,3.3,4,4,2,4,1,3,4,4
230081,19,3.3,4,4,2,4,1,3,4,4
230081,19,3.3,4,4,2,4,1,3,4,4
230081,19,3.3,4,4,2,4,1,3,4,4
230081,19,3.3,4,4,2,4,1,3,4,4
230081,19,3.3,4,4,2,4,1,3,4,4
230081,19,3.3,4,4,2,4,1,3,4,4
230081,19,3.3,4,4,2,4,1,3,4,4
230081,19,3.3,4,4,2,4,1,3,4,4
230081,19,3.3,4,4,2,4,1,3,4,4
230082,13,3.4,3,4,3,5,3,3,2,4
230082,13,3.4,3,4,3,5,3,3,2,4
230082,13,3.4,3,4,3,5,3,3,2,4
230082,13,3.4,3,4,3,5,3,3,2,4
230082,13,3.4,3,4,3,5,3,3,2,4
230082,13,3.4,3,4,3,5,3,3,2,4
230082,13,3.4,3,4,3,5,3,3,2,4
230082,13,3.4,3,4,3,5,3,3,2,4
230082,13,3.4,3,4,3,5,3,3,2,4
230082,13,3.4,3,4,3,5,3,3,2,4
230082,13,3.4,3,4,3,5,3,3,2,4
230082,13,3.4,3,4,3,5,3,3,2,4
230082,13,3.4,3,4,3,5,3,3,2,4
230083,20,2.5,2,4,2,4,1,2,4,1
230083,20,2.5,2,4,2,4,1,2,4,1
230083,20,2.5,2,4,2,4,1,2,4,1
230083,20,2.5,2,4,2,4,1,2,4,1
230083,20,2.5,2,4,2,4,1,2,4,1
230083,20,2.5,2,4,2,4,1,2,4,1
230083,20,2.5,2,4,2,4,1,2,4,1
230083,20,2.5,2,4,2,4,1,2,4,1
230083,20,2.5,2,4,2,4,1,2,4,1
230083,20,2.5,2,4,2,4,1,2,4,1
230083,20,2.5,2,4,2,4,1,2,4,1
230083,20,2.5,2,4,2,4,1,2,4,1
230083,20,2.5,2,4,2,4,1,2,4,1
230083,20,2.5,2,4,2,4,1,2,4,1
230084,14,3.4,3,5,4,3,4,2,3,3
230084,14,3.4,3,5,4,3,4,2,3,3
230084,14,3.4,3,5,4,3,4,2,3,3
230084,14,3.4,3,5,4,3,4,2,3,3
230084,14,3.4,3,5,4,3,4,2,3,3
230084,14,3.4,3,5,4,3,4,2,3,3
230084,14,3.4,3,5,4,3,4,2,3,3
230084,14,3.4,3,5,4,3,4,2,3,3
230084,14,3.4,3,5,4,3,4,2,3,3
230084,14,3.4,3,5,4,3,4,2,3,3
230084,14,3.4,3,5,4,3,4,2,3,3
230084,14,3.4,3,5,4,3,4,2,3,3
230084,14,3.4,3,5,4,3,4,2,3,3
230085,18,3.9,3,4,5,4,3,4,4,4
230085,18,3.9,3,4,5,4,3,4,4,4
230085,18,3.9,3,4,5,4,3,4,4,4
230085,18,3.9,3,4,5,4,3,4,4,4
230085,18,3.9,3,4,5,4,3,4,4,4
230085,18,3.9,3,4,5,4,3,4,4,4
230085,18,3.9,3,4,5,4,3,4,4,4
230085,18,3.9,3,4,5,4,3,4,4,4
230085,18,3.9,3,4,5,4,3,4,4,4
230085,18,3.9,3,4,5,4,3,4,4,4
230086,18,2.6,2,3,1,5,2,3,4,1
230086,18,2.6,2,3,1,5,2,3,4,1
230086,18,2.6,2,3,1,5,2,3,4,1
230086,18,2.6,2,3,1,5,2,3,4,1
230086,18,2.6,2,3,1,5,2,3,4,1
230086,18,2.6,2,3,1,5,2,3,4,1
230086,18,2.6,2,3,1,5,2,3,4,1
230086,18,2.6,2,3,1,5,2,3,4,1
230086,18,2.6,2,3,1,5,2,3,4,1
230086,18,2.6,2,3,1,5,2,3,4,1
230087,18,2.8,2,3,3,5,2,2,3,2
230087,18,2.8,2,3,3,5,2,2,3,2
230087,18,2.8,2,3,3,5,2,2,3,2
230087,18,2.8,2,3,3,5,2,2,3,2
230087,18,2.8,2,3,3,5,2,2,3,2
230087,18,2.8,2,3,3,5,2,2,3,2
230087,18,2.8,2,3,3,5,2,2,3,2
230087,18,2.8,2,3,3,5,2,2,3,2
230087,18,2.8,2,3,3,5,2,2,3,2
230087,18,2.8,2,3,3,5,2,2,3,2
230088,18,3.1,2,3,2,5,2,3,4,4
230088,18,3.1,2,3,2,5,2,3,4,4
230088,18,3.1,2,3,2,5,2,3,4,4
230088,18,3.1,2,3,2,5,2,3,4,4
230088,18,3.1,2,3,2,5,2,3,4,4
230088,18,3.1,2,3,2,5,2,3,4,4
230088,18,3.1,2,3,2,5,2,3,4,4
230088,18,3.1,2,3,2,5,2,3,4,4
230088,18,3.1,2,3,2,5,2,3,4,4
230088,18,3.1,2,3,2,5,2,3,4,4
230089,18,3.5,3,3,2,5,3,3,5,4
230089,18,3.5,3,3,2,5,3,3,5,4
230089,18,3.5,3,3,2,5,3,3,5,4
230089,18,3.5,3,3,2,5,3,3,5,4
230089,18,3.5,3,3,2,5,3,3,5,4
230089,18,3.5,3,3,2,5,3,3,5,4
230089,18,3.5,3,3,2,5,3,3,5,4
230089,18,3.5,3,3,2,5,3,3,5,4
230089,18,3.5,3,3,2,5,3,3,5,4
230089,18,3.5,3,3,2,5,3,3,5,4
230090,18,3.5,3,5,3,5,1,2,4,5
230090,18,3.5,3,5,3,5,1,2,4,5
230090,18,3.5,3,5,3,5,1,2,4,5
230090,18,3.5,3,5,3,5,1,2,4,5
230090,18,3.5,3,5,3,5,1,2,4,5
230090,18,3.5,3,5,3,5,1,2,4,5
230090,18,3.5,3,5,3,5,1,2,4,5
230090,18,3.5,3,5,3,5,1,2,4,5
230090,18,3.5,3,5,3,5,1,2,4,5
230090,18,3.5,3,5,3,5,1,2,4,5
230091,18,2.4,2,2,2,4,2,2,3,2
230091,18,2.4,2,2,2,4,2,2,3,2
230091,18,2.4,2,2,2,4,2,2,3,2
230091,18,2.4,2,2,2,4,2,2,3,2
230091,18,2.4,2,2,2,4,2,2,3,2
230091,18,2.4,2,2,2,4,2,2,3,2
230091,18,2.4,2,2,2,4,2,2,3,2
230091,18,2.4,2,2,2,4,2,2,3,2
230091,18,2.4,2,2,2,4,2,2,3,2
230091,18,2.4,2,2,2,4,2,2,3,2
230092,18,3.8,2,5,5,5,4,4,2,3
230092,18,3.8,2,5,5,5,4,4,2,3
230092,18,3.8,2,5,5,5,4,4,2,3
230092,18,3.8,2,5,5,5,4,4,2,3
230092,18,3.8,2,5,5,5,4,4,2,3
230092,18,3.8,2,5,5,5,4,4,2,3
230092,18,3.8,2,5,5,5,4,4,2,3
230092,18,3.8,2,5,5,5,4,4,2,3
230092,18,3.8,2,5,5,5,4,4,2,3
230092,18,3.8,2,5,5,5,4,4,2,3
230093,18,3.8,3,4,5,4,5,3,3,3
230093,18,3.8,3,4,5,4,5,3,3,3
230093,18,3.8,3,4,5,4,5,3,3,3
230093,18,3.8,3,4,5,4,5,3,3,3
230093,18,3.8,3,4,5,4,5,3,3,3
230093,18,3.8,3,4,5,4,5,3,3,3
230093,18,3.8,3,4,5,4,5,3,3,3
230093,18,3.8,3,4,5,4,5,3,3,3
230093,18,3.8,3,4,5,4,5,3,3,3
230093,18,3.8,3,4,5,4,5,3,3,3
230094,18,2.9,3,4,2,3,4,2,3,2
230094,18,2.9,3,4,2,3,4,2,3,2
230094,18,2.9,3,4,2,3,4,2,3,2
230094,18,2.9,3,4,2,3,4,2,3,2
230094,18,2.9,3,4,2,3,4,2,3,2
230094,18,2.9,3,4,2,3,4,2,3,2
230094,18,2.9,3,4,2,3,4,2,3,2
230094,18,2.9,3,4,2,3,4,2,3,2
230094,18,2.9,3,4,2,3,4,2,3,2
230094,18,2.9,3,4,2,3,4,2,3,2
230095,25,3.8,3,4,3,4,5,3,5,3
230095,25,3.8,3,4,3,4,5,3,5,3
230095,25,3.8,3,4,3,4,5,3,5,3
230095,25,3.8,3,4,3,4,5,3,5,3
230095,25,3.8,3,4,3,4,5,3,5,3
230095,25,3.8,3,4,3,4,5,3,5,3
230095,25,3.8,3,4,3,4,5,3,5,3
230095,25,3.8,3,4,3,4,5,3,5,3
230095,25,3.8,3,4,3,4,5,3,5,3
230095,25,3.8,3,4,3,4,5,3,5,3
230096,10,3.8,3,5,2,4,4,4,3,5
230096,10,3.8,3,5,2,4,4,4,3,5
230096,10,3.8,3,5,2,4,4,4,3,5
230096,10,3.8,3,5,2,4,4,4,3,5
230096,10,3.8,3,5,2,4,4,4,3,5
230096,10,3.8,3,5,2,4,4,4,3,5
230096,10,3.8,3,5,2,4,4,4,3,5
230096,10,3.8,3,5,2,4,4,4,3,5
230096,10,3.8,3,5,2,4,4,4,3,5
230096,10,3.8,3,5,2,4,4,4,3,5
230097,15,2.8,4,4,3,2,2,2,1,4
230097,15,2.8,4,4,3,2,2,2,1,4
230097,15,2.8,4,4,3,2,2,2,1,4
230097,15,2.8,4,4,3,2,2,2,1,4
230097,15,2.8,4,4,3,2,2,2,1,4
230097,15,2.8,4,4,3,2,2,2,1,4
230097,15,2.8,4,4,3,2,2,2,1,4
230097,15,2.8,4,4,3,2,2,2,1,4
230097,15,2.8,4,4,3,2,2,2,1,4
230097,15,2.8,4,4,3,2,2,2,1,4
230098,13,2.5,3,2,2,4,2,3,2,2
230098,13,2.5,3,2,2,4,2,3,2,2
230098,13,2.5,3,2,2,4,2,3,2,2
230098,13,2.5,3,2,2,4,2,3,2,2
230098,13,2.5,3,2,2,4,2,3,2,2
230098,13,2.5,3,2,2,4,2,3,2,2
230098,13,2.5,3,2,2,4,2,3,2,2
230098,13,2.5,3,2,2,4,2,3,2,2
230098,13,2.5,3,2,2,4,2,3,2,2
230098,13,2.5,3,2,2,4,2,3,2,2
230099,20,2.6,2,3,3,4,2,2,3,2
230099,20,2.6,2,3,3,4,2,2,3,2
230099,20,2.6,2,3,3,4,2,2,3,2
230099,20,2.6,2,3,3,4,2,2,3,2
230099,20,2.6,2,3,3,4,2,2,3,2
230099,20,2.6,2,3,3,4,2,2,3,2
230099,20,2.6,2,3,3,4,2,2,3,2
230099,20,2.6,2,3,3,4,2,2,3,2
230099,20,2.6,2,3,3,4,2,2,3,2
230099,20,2.6,2,3,3,4,2,2,3,2
230100,11,3,2,4,3,4,2,2,4,3
230100,11,3,2,4,3,4,2,2,4,3
230100,11,3,2,4,3,4,2,2,4,3
230100,11,3,2,4,3,4,2,2,4,3
230100,11,3,2,4,3,4,2,2,4,3
230100,11,3,2,4,3,4,2,2,4,3
230100,11,3,2,4,3,4,2,2,4,3
230100,11,3,2,4,3,4,2,2,4,3
230100,11,3,2,4,3,4,2,2,4,3
230100,11,3,2,4,3,4,2,2,4,3
230101,16,2.4,1,3,2,4,4,1,2,2
230101,16,2.4,1,3,2,4,4,1,2,2
230101,16,2.4,1,3,2,4,4,1,2,2
230101,16,2.4,1,3,2,4,4,1,2,2
230101,16,2.4,1,3,2,4,4,1,2,2
230101,16,2.4,1,3,2,4,4,1,2,2
230101,16,2.4,1,3,2,4,4,1,2,2
230101,16,2.4,1,3,2,4,4,1,2,2
230101,16,2.4,1,3,2,4,4,1,2,2
230101,16,2.4,1,3,2,4,4,1,2,2
230102,16,3.1,2,4,4,3,3,2,3,4
230102,16,3.1,2,4,4,3,3,2,3,4
230102,16,3.1,2,4,4,3,3,2,3,4
230102,16,3.1,2,4,4,3,3,2,3,4
230102,16,3.1,2,4,4,3,3,2,3,4
230102,16,3.1,2,4,4,3,3,2,3,4
230102,16,3.1,2,4,4,3,3,2,3,4
230102,16,3.1,2,4,4,3,3,2,3,4
230102,16,3.1,2,4,4,3,3,2,3,4
230102,16,3.1,2,4,4,3,3,2,3,4
230103,16,2.8,2,4,3,2,2,2,3,4
230103,16,2.8,2,4,3,2,2,2,3,4
230103,16,2.8,2,4,3,2,2,2,3,4
230103,16,2.8,2,4,3,2,2,2,3,4
230103,16,2.8,2,4,3,2,2,2,3,4
230103,16,2.8,2,4,3,2,2,2,3,4
230103,16,2.8,2,4,3,2,2,2,3,4
230103,16,2.8,2,4,3,2,2,2,3,4
230103,16,2.8,2,4,3,2,2,2,3,4
230103,16,2.8,2,4,3,2,2,2,3,4
230104,16,2,1,2,2,4,3,1,2,1
230104,16,2,1,2,2,4,3,1,2,1
230104,16,2,1,2,2,4,3,1,2,1
230104,16,2,1,2,2,4,3,1,2,1
230104,16,2,1,2,2,4,3,1,2,1
230104,16,2,1,2,2,4,3,1,2,1
230104,16,2,1,2,2,4,3,1,2,1
230104,16,2,1,2,2,4,3,1,2,1
230104,16,2,1,2,2,4,3,1,2,1
230104,16,2,1,2,2,4,3,1,2,1
230105,17,2.8,1,5,4,3,1,2,3,3
230105,17,2.8,1,5,4,3,1,2,3,3
230105,17,2.8,1,5,4,3,1,2,3,3
230105,17,2.8,1,5,4,3,1,2,3,3
230105,17,2.8,1,5,4,3,1,2,3,3
230105,17,2.8,1,5,4,3,1,2,3,3
230105,17,2.8,1,5,4,3,1,2,3,3
230105,17,2.8,1,5,4,3,1,2,3,3
230105,17,2.8,1,5,4,3,1,2,3,3
230105,17,2.8,1,5,4,3,1,2,3,3
230106,18,3.3,2,4,3,4,2,3,5,3
230106,18,3.3,2,4,3,4,2,3,5,3
230106,18,3.3,2,4,3,4,2,3,5,3
230106,18,3.3,2,4,3,4,2,3,5,3
230106,18,3.3,2,4,3,4,2,3,5,3
230106,18,3.3,2,4,3,4,2,3,5,3
230106,18,3.3,2,4,3,4,2,3,5,3
230106,18,3.3,2,4,3,4,2,3,5,3
230106,18,3.3,2,4,3,4,2,3,5,3
230106,18,3.3,2,4,3,4,2,3,5,3
230106,18,3.3,2,4,3,4,2,3,5,3
230106,18,3.3,2,4,3,4,2,3,5,3
230106,18,3.3,2,4,3,4,2,3,5,3
230106,18,3.3,2,4,3,4,2,3,5,3
230106,18,3.3,2,4,3,4,2,3,5,3
230106,18,3.3,2,4,3,4,2,3,5,3
230106,18,3.3,2,4,3,4,2,3,5,3
230106,18,3.3,2,4,3,4,2,3,5,3
230106,18,3.3,2,4,3,4,2,3,5,3
230106,18,3.3,2,4,3,4,2,3,5,3
230107,19,2.4,1,2,2,4,3,2,3,2
230107,19,2.4,1,2,2,4,3,2,3,2
230107,19,2.4,1,2,2,4,3,2,3,2
230107,19,2.4,1,2,2,4,3,2,3,2
230107,19,2.4,1,2,2,4,3,2,3,2
230107,19,2.4,1,2,2,4,3,2,3,2
230107,19,2.4,1,2,2,4,3,2,3,2
230107,19,2.4,1,2,2,4,3,2,3,2
230107,19,2.4,1,2,2,4,3,2,3,2
230107,19,2.4,1,2,2,4,3,2,3,2
230108,22,3,3,3,3,3,3,3,3,3
230108,22,3,3,3,3,3,3,3,3,3
230108,22,3,3,3,3,3,3,3,3,3
230108,22,3,3,3,3,3,3,3,3,3
230108,22,3,3,3,3,3,3,3,3,3
230108,22,3,3,3,3,3,3,3,3,3
230108,22,3,3,3,3,3,3,3,3,3
230108,22,3,3,3,3,3,3,3,3,3
230108,22,3,3,3,3,3,3,3,3,3
230108,22,3,3,3,3,3,3,3,3,3
230109,12,3.8,3,5,3,2,3,4,5,5
230109,12,3.8,3,5,3,2,3,4,5,5
230109,12,3.8,3,5,3,2,3,4,5,5
230109,12,3.8,3,5,3,2,3,4,5,5
230109,12,3.8,3,5,3,2,3,4,5,5
230109,12,3.8,3,5,3,2,3,4,5,5
230109,12,3.8,3,5,3,2,3,4,5,5
230109,12,3.8,3,5,3,2,3,4,5,5
230109,12,3.8,3,5,3,2,3,4,5,5
230109,12,3.8,3,5,3,2,3,4,5,5
230110,10,3.3,2,4,3,5,2,2,4,4
230110,10,3.3,2,4,3,5,2,2,4,4
230110,10,3.3,2,4,3,5,2,2,4,4
230110,10,3.3,2,4,3,5,2,2,4,4
230110,10,3.3,2,4,3,5,2,2,4,4
230110,10,3.3,2,4,3,5,2,2,4,4
230110,10,3.3,2,4,3,5,2,2,4,4
230110,10,3.3,2,4,3,5,2,2,4,4
230110,10,3.3,2,4,3,5,2,2,4,4
230110,10,3.3,2,4,3,5,2,2,4,4
230111,13,1.8,1,2,2,3,1,1,3,1
230111,13,1.8,1,2,2,3,1,1,3,1
230111,13,1.8,1,2,2,3,1,1,3,1
230111,13,1.8,1,2,2,3,1,1,3,1
230111,13,1.8,1,2,2,3,1,1,3,1
230111,13,1.8,1,2,2,3,1,1,3,1
230111,13,1.8,1,2,2,3,1,1,3,1
230111,13,1.8,1,2,2,3,1,1,3,1
230111,13,1.8,1,2,2,3,1,1,3,1
230111,13,1.8,1,2,2,3,1,1,3,1
230112,17,3,2,4,3,4,2,3,2,4
230112,17,3,2,4,3,4,2,3,2,4
230112,17,3,2,4,3,4,2,3,2,4
230112,17,3,2,4,3,4,2,3,2,4
230112,17,3,2,4,3,4,2,3,2,4
230112,17,3,2,4,3,4,2,3,2,4
230112,17,3,2,4,3,4,2,3,2,4
230112,17,3,2,4,3,4,2,3,2,4
230112,17,3,2,4,3,4,2,3,2,4
230112,17,3,2,4,3,4,2,3,2,4
230113,10,3.5,3,4,4,4,4,2,3,4
230113,10,3.5,3,4,4,4,4,2,3,4
230113,10,3.5,3,4,4,4,4,2,3,4
230113,10,3.5,3,4,4,4,4,2,3,4
230113,10,3.5,3,4,4,4,4,2,3,4
230113,10,3.5,3,4,4,4,4,2,3,4
230113,10,3.5,3,4,4,4,4,2,3,4
230113,10,3.5,3,4,4,4,4,2,3,4
230113,10,3.5,3,4,4,4,4,2,3,4
230113,10,3.5,3,4,4,4,4,2,3,4
230114,15,2.6,3,2,2,4,2,2,4,2
230114,15,2.6,3,2,2,4,2,2,4,2
230114,15,2.6,3,2,2,4,2,2,4,2
230114,15,2.6,3,2,2,4,2,2,4,2
230114,15,2.6,3,2,2,4,2,2,4,2
230114,15,2.6,3,2,2,4,2,2,4,2
230114,15,2.6,3,2,2,4,2,2,4,2
230114,15,2.6,3,2,2,4,2,2,4,2
230114,15,2.6,3,2,2,4,2,2,4,2
230114,15,2.6,3,2,2,4,2,2,4,2
230115,17,1.4,1,1,2,3,1,1,1,1
230115,17,1.4,1,1,2,3,1,1,1,1
230115,17,1.4,1,1,2,3,1,1,1,1
230115,17,1.4,1,1,2,3,1,1,1,1
230115,17,1.4,1,1,2,3,1,1,1,1
230115,17,1.4,1,1,2,3,1,1,1,1
230115,17,1.4,1,1,2,3,1,1,1,1
230115,17,1.4,1,1,2,3,1,1,1,1
230115,17,1.4,1,1,2,3,1,1,1,1
230115,17,1.4,1,1,2,3,1,1,1,1
230116,19,2.5,2,4,2,3,2,2,2,3
230116,19,2.5,2,4,2,3,2,2,2,3
230116,19,2.5,2,4,2,3,2,2,2,3
230116,19,2.5,2,4,2,3,2,2,2,3
230116,19,2.5,2,4,2,3,2,2,2,3
230116,19,2.5,2,4,2,3,2,2,2,3
230116,19,2.5,2,4,2,3,2,2,2,3
230116,19,2.5,2,4,2,3,2,2,2,3
230116,19,2.5,2,4,2,3,2,2,2,3
230116,19,2.5,2,4,2,3,2,2,2,3